id;label;release_date;length_seconds;genre;studio;producer
1;back up;2020-12-26T05:44:16;5080;collaborative functionalities;Fish;invoice Unions ubiquitous
2;Bedfordshire paradigm Investment Account;2020-12-26T11:00:54;36050;withdrawal;teal;open-source orange
3;Cambridgeshire Buckinghamshire;2020-12-26T17:56:06;30490;hierarchy Bedfordshire impactful;Circles Iowa archive;Usability hub synthesizing
4;azure Reduced Specialist;2020-12-26T13:37:36;30083;Planner Cambridgeshire;New Mexico mint green Handmade Metal Chair;West Virginia GB withdrawal
5;SAS functionalities Grass-roots;2020-12-26T18:55:54;23350;Handcrafted Metal Ball;deliverables Ergonomic Fresh Towels;system-worthy cyan
6;Union;2020-12-26T17:13:25;79420;Handcrafted Frozen Shoes parse methodologies;pixel archive granular;Cotton Singapore Dollar XML
7;Branding integrated;2020-12-26T15:10:37;14945;Hungary Factors;Internal Syrian Pound;Checking Account
8;Dynamic;2020-12-26T00:55:30;24004;open-source Tuvalu;Factors wireless Developer;Planner Keyboard
9;logistical envisioneer Automotive;2020-12-26T20:33:56;11048;Gibraltar Pound Iowa yellow;override Profound;human-resource Plastic Shoal
10;Accounts infrastructure;2020-12-26T09:14:32;69592;Saudi Riyal mesh;models;Savings Account
