id;first_name;last_name;birth_date;instrument
1;Shea;Bashirian;2020-12-26T06:52:48;fresh-thinking
2;Terrance;Collins;2020-12-26T07:35:21;Hills withdrawal Digitized
3;Maurice;VonRueden;2020-12-26T09:24:29;Berkshire New York
4;Nolan;DuBuque;2020-12-26T15:37:41;indexing payment
5;Ike;Schmitt;2020-12-26T07:23:31;invoice standardization
6;Asha;Towne;2020-12-26T06:52:36;Buckinghamshire attitude-oriented navigating
7;Denis;Howell;2020-12-26T09:49:01;Indian Rupee Ngultrum Coordinator
8;Tania;Flatley;2020-12-26T06:16:28;Ergonomic
9;Helena;Jenkins;2020-12-26T14:36:39;payment process improvement
10;Willa;Reilly;2020-12-26T12:32:45;feed pixel
